{
  "name": "angular-svg-round-progressbar",
  "version": "0.2.12",
  "homepage": "https://github.com/crisbeto/angular-svg-round-progressbar",
  "authors": [
    "crisbeto"
  ],
  "description": "AngularJS module that uses SVG to create a circular progressar",
  "keywords": [
    "angular",
    "progress",
    "circle",
    "round",
    "svg"
  ],
  "license": "MIT",
  "ignore": [
    "**/.*",
    "bower_components"
  ],
  "dependencies": {
    "angular": ">=1.3.0"
  },
  "main": "build/roundProgress.min.js",
  "_release": "0.2.12",
  "_resolution": {
    "type": "version",
    "tag": "0.2.12",
    "commit": "d4aa7ded27b9807916ba134d4d623b5b36a33472"
  },
  "_source": "https://github.com/crisbeto/angular-svg-round-progressbar.git",
  "_target": "~0.2.10",
  "_originalSource": "angular-svg-round-progressbar"
}