{
  "name": "angular-preload-image",
  "authors": [
    "leon <leon@revillwebdesign.com>"
  ],
  "description": "Easily pre-load images in your AngularJS apps",
  "main": "./angular-preload-image.js",
  "moduleType": [
    "amd"
  ],
  "keywords": [
    "angularjs",
    "pre-load",
    "images",
    "angularjs",
    "preload"
  ],
  "license": "MIT",
  "ignore": [
    "**/.*",
    "node_modules",
    "bower_components",
    "test",
    "tests"
  ],
  "dependencies": {
    "angular": "~1.3.10"
  },
  "devDependencies": {
    "angular": "~1.3.10"
  },
  "homepage": "https://github.com/RevillWeb/angular-preload-image",
  "_release": "18cf456b02",
  "_resolution": {
    "type": "branch",
    "branch": "master",
    "commit": "18cf456b022a2dc04bd6ebd60f79d2bc1fdfad6a"
  },
  "_source": "https://github.com/RevillWeb/angular-preload-image.git",
  "_target": "*",
  "_originalSource": "angular-preload-image"
}