{
  "name": "parse",
  "version": "1.9.2",
  "main": [
    "parse.js"
  ],
  "keywords": [
    "parse",
    "parse.com",
    "api",
    "js"
  ],
  "ignore": [
    "update.sh",
    "Parse-SDK-JS",
    "README.md"
  ],
  "homepage": "https://github.com/rabidaudio/bower-parse",
  "_release": "1.9.2",
  "_resolution": {
    "type": "version",
    "tag": "v1.9.2",
    "commit": "06b2d7b14843de62d026c438720599b85adeb195"
  },
  "_source": "https://github.com/rabidaudio/bower-parse.git",
  "_target": "^1.9.2",
  "_originalSource": "parse"
}