{
  "name": "angular-cookies",
  "version": "1.4.14",
  "license": "MIT",
  "main": "./angular-cookies.js",
  "ignore": [],
  "dependencies": {
    "angular": "1.4.14"
  },
  "homepage": "https://github.com/angular/bower-angular-cookies",
  "_release": "1.4.14",
  "_resolution": {
    "type": "version",
    "tag": "v1.4.14",
    "commit": "2de9bf5ebbf9b2ff4c3842204c2381b6311d4a80"
  },
  "_source": "https://github.com/angular/bower-angular-cookies.git",
  "_target": "~1.4.7",
  "_originalSource": "angular-cookies"
}